Username,Followed At
ruben_.079,2025-06-25T13:18:09.004854
locosdj2024,2025-06-25T13:18:09.004914
mathewdorosz,2025-06-25T13:18:09.004926
redheadedjen01,2025-06-25T13:18:09.004937
matej_gallik,2025-06-25T13:18:09.004947
toughcat_,2025-06-25T13:18:09.004957
edoctrine,2025-06-25T13:18:09.004968
elefteriostsiaoussidis,2025-06-25T13:18:09.004987
scottnickai,2025-06-25T13:18:09.005008
dirk.de.vos,2025-06-25T13:18:09.005018
sgoly9,2025-06-25T13:18:09.005022
lucas_meurer,2025-06-25T13:18:09.005047
bethan.howells.39,2025-06-25T13:18:09.005077
ludinunzio,2025-06-25T13:18:09.005589
_dk_bro_88,2025-06-25T13:18:09.005598
dan3walker_,2025-06-25T13:18:09.005602
manav__kataria,2025-06-25T13:18:09.005606
ciskygram,2025-06-25T13:18:09.005618
tiezzy.dj,2025-06-25T13:18:09.005640
walkerincmusicc,2025-06-25T13:18:09.005643
yeztingson,2025-06-25T13:18:09.005647
temblorrdj,2025-06-25T13:18:09.005671
lht2613,2025-06-25T13:18:09.005677
ilubtacooooos8489,2025-06-25T13:18:09.005689
nanjachronicles,2025-06-25T13:18:09.005708
ahmed_sahli88,2025-06-25T13:18:09.005731
petitkoni,2025-06-25T13:18:09.005734
stk_sams89,2025-06-25T13:18:09.005737
giaumaitan,2025-06-25T13:18:09.005760
sef0696,2025-06-25T13:18:09.005763
groundcontrol.nyc,2025-06-25T13:18:09.005766
mr.musicfreak,2025-06-25T13:18:09.005789
arti.ma_dj,2025-06-25T13:18:09.005807
hilmarhulk,2025-06-25T13:18:09.005810
brendo44,2025-06-25T13:18:09.005813
tattoobyjaywells77,2025-06-25T13:18:09.005816
corradococco,2025-06-25T13:18:09.005819
andrew_verrengia,2025-06-25T13:18:09.005822
kvvsprv,2025-06-25T13:18:09.005825
_andrew4_20,2025-06-25T13:18:09.005828
kirstenkleine4,2025-06-25T13:18:09.005844
mehdimohamaddii,2025-06-25T13:18:09.005848
idsamaa,2025-06-25T13:18:09.005851
djbaco.co,2025-06-25T13:18:09.005854
princess_diariesblog13,2025-06-25T13:18:09.005856
rod.7671,2025-06-25T13:18:09.005860
thesirentattoos,2025-06-25T13:18:09.005863
mamaj071614,2025-06-25T13:18:09.005866
beppo.v2,2025-06-25T13:18:09.005869
left.09_,2025-06-25T13:18:09.005871
